s,u,r,n,a,m,e
S,t,r,o,u,d
B,e,w,i,c,k
B,r,o,o,k,e,s,b,i,e
S,n,a,s,d,e,l,l
W,i,n,t,r,i,n,g,h,a,m
B,o,r,h,a,m
K,i,e,r,a,n
K,n,e,e,b,o,n,e
E,s,t,a,b,l,e
N,u,s,c,h,k,e
H,o,u,l,d
B,e,a,r,h,a,m
G,a,r,f,o,o,t
C,o,r,t,e,r
M,a,t,y
D,e, ,F,e,r,r,a,r,i,s
A,s,h,t,o,n
L,o,w,r,e,y
M,a,t,e,o,s
P,e,n,n,o,n,i
Y,o,c,k,l,e,y
A,i,r,l,i,e
F,l,a,y
G,a,m,l,i,n
S,e,t,t,e,r,t,h,w,a,i,t
H,a,r,t
C,r,a,w,f,o,r,d
S,p,u,r,r,e,t,t
R,o,b,i,l,a,r,t
P,l,a,n,k,s
G,i,r,o,d,i,e,r
G,a,s,k,a,r,t,h
D,i,k,e
D,e,l,a,p,r,e,l,l,e
P,o,n,d,e
D,u,n,k,e,r,l,e,y
K,i,l,l,o,u,g,h
H,a,r,c,o,m,b,e
S,h,i,v,l,i,n
D,u,n,s
S,t,i,l,l,e
T,r,i,g,g,e,l
P,a,d,f,i,e,l,d
C,o,s,t,a
A,l,m,a,c,k
W,h,i,t,t,l,e
L,o,r,r,y,m,a,n
T,i,g,h,t
L,a,w,l,e,f,f
S,e,i,l,e,r
G,r,i,g,s,o,n
S,y,m,m,s
P,o,i,n,t,i,n,g
F,o,r,c,a,d,e
N,o,u,l,t,o,n
B,r,e,m,e,y,e,r
S,e,a,r,s,t,o,n
R,u,m,f,o,r,d
K,a,d,d
P,e,t,t,i,f,o,r,d
S,o,f,t,l,e,y
I,n,g,r,a,h,a,m
G,i,l,s,t,h,o,r,p,e
N,e,w,t,o,w,n
W,a,p,p,l,i,n,g,t,o,n
S,c,h,w,a,n,t
N,u,r,d,i,n
L,e,m,b,c,k,e
R,o,b,e,r,s,o,n
P,i,t,h,e,r,i,c,k
G,o,d,f,r,a,y
J,u,d,s,o,n
D,o,u,g,i,l,l
F,e,e,k
R,o,b,e,r,t,a,z,z,i
H,a,r,d,c,a,s,t,l,e
B,i,b,e,y
S,l,o,b,o,m
B,e,e,k,m,a,n
L,a,x
C,o,l,l,o,u,g,h
J,o,h,n,s,e,e
L,e,x,a
R,e,i,n,i,s,c,h
F,e,r,m,i,n,g,e,r
S,p,r,a,k,e,s
J,a,c,o,p
W,e,v,e,l,l
A,k,e,s,t,e,r
F,e,r,r,i,e,r,o,i
G,r,o,n,o,w
B,e,d,l,i,n,g,t,o,n
M,i,n,i,t,h,o,r,p,e
L,i,l,b,u,r,n,e
W,a,d,e,l,i,n
L,l,e,w,e,l,y,n
H,e,a,l,e,y
D,u,n,y
M,i,t,s,k,e,v,i,c,h
E,d,g,e,r,l,e,y
